title,author,date,content
"With Messi moving to France, the Bundesliga needs Haaland to be their superstar",Ronan Murphy,"Aug 12, 2021","After a quiet transfer market, Germany's top flight will have to work harder than ever to compete for viewers with Europe's other big leagues"
"No Messi, no hope? How Barcelona will line up this season",Rik Sharma,"Aug 12, 2021","The Argentine has been carrying the Catalan club for years, so Ronald Koeman must come up with a plan to cope with the loss of the forward to PSG..."
Messi to PSG: A transfer 10 years in the making and completed in a matter of days,Robin Bairner,"Aug 14, 2021",Seeing Lionel Messi play in a club shirt that is not Barcelona's is about to become a reality - and the realisation of a dream in Qatar and Paris
NXGN Revisited: What happened to Barcelona's 'Korean Messi' Lee Seung-woo?,Emma Smith,"Aug 25, 2021","The forward broke records during his early years at La Masia, but the 23-year-old now finds himself playing in Belgium after a tumultuous last decade"
"Don't cry for me, Barcelona! PSG providing Messi with the perfect stage for magician's final act",Daniel Edwards,"Aug 11, 2021",The Argentine attacker shed tears after his shock Camp Nou exit but everything is in place for him in Paris to win another Champions League title
"Messi, Neymar, Mbappe: PSG have built the most devastating attack the world has ever seen",Robin Bairner,"Aug 08, 2021",The six-time Ballon d'Or winner is set to join forces with the two most expensive players in the history of the game after leaving Barcelona
As a No.10 or up front - Where will Messi play for PSG?,Robin Bairner,"Aug 10, 2021",The Barcelona icon has signed a two-year deal with the capital club and is set to team up with Neymar and Kylian Mbappe in a thrilling front three
'We demand the truth!' - Barcelona fans' fury over Messi's shocking exit,Rik Sharma,"Aug 06, 2021",There is a sense of sorrow and disbelief hanging over Catalunya after Messi's exit from Camp Nou was confirmed on Thursday
How can Barcelona move on without Messi?,Rik Sharma,"Aug 08, 2021","The reality of Messi's exit is beginning to dawn on those around the club and Barca's future might go one of two ways - one positive, one negative"
"BBC, MSN and now MNM: Where does Messi, Neymar, Mbappe rank in the history of football’s finest front threes?",Mark Doyle,"Aug 11, 2021",The Argentine's Barcelona exit has stunned the football world and Paris Saint-Germain are now in possession of a truly awesome attacking unit...
Messi and Ramos: From bitter rivals at Barcelona and Real Madrid to PSG team-mates,Rik Sharma,"Aug 12, 2021","As key characters on the opposite side of the Clasico divide, the pair warred with one another many times, but they are now united by a common goal"
Reviving Real Madrid's 'Japanese Messi': Kubo chasing Olympic glory after miserable La Liga loan spells,Rik Sharma,"Jul 20, 2021","The winger struggled at both Villarreal and Getafe last season, but arrives in Tokyo as the poster boy for the host nation's hopes of football gold"
Messi's Angel of mercy: Di Maria's Copa America winner ends duo's 14 years of anguish with Argentina,Daniel Edwards,"Jul 13, 2021","A reserve for much for the tournament, the winger had been told by his captain before the final that he would make the difference in the Maracana"
Messi and Argentina break final curse at long last with battling victory over Brazil,Daniel Edwards,"Jul 11, 2021","Angel Di Maria came up with the vital goal, but nobody did more to drive the Albiceleste to glory than their veteran captain"
Bring it on! Messi & Neymar put 'friendship on the line' in Copa America's clash of the titans,Daniel Edwards,"Jul 09, 2021",Few individual battles have been as hotly anticipated as this first meeting of the former Barcelona team-mates on opposite sides of a final
Messi stays! Now Barcelona must build him a Champions League-winning team,Rik Sharma,"Jul 14, 2021","The Argentine has taken a 50% wage cut to remain at Camp Nou, so the cash-strapped Blaugrana have to now hold up their end of the bargain"
Barcelona in meltdown: How can the Blaugrana raise €200m to keep Messi?,Rik Sharma,"Jul 08, 2021","The Camp Nou outfit are unable to register their new signings due to salary cap limits, but those they wish to sell are proving difficult to shift"
"'Messi can play until he's 40' - Argentine veteran D'Alessandro on Copa America, Maradona comparisons & working under Bielsa",Daniel Edwards,"Jun 28, 2021",The six-time Ballon d'Or winner is currently searching for his first international trophy with the Albiceleste at the tournament in Brazil
From Blackburn to Brazil: Chile revelation Brereton lighting up the Copa America along with Messi & Neymar,Daniel Edwards,"Jun 30, 2021",The 22-year-old Stoke native was excellent in the group stage but faces the game of his life on Friday as the Roja take on the tournament favourites
Barcelona's new Neymar? How Depay will fit alongside Messi at Camp Nou,Rik Sharma,"Jun 27, 2021",Many people questioned the Blaugrana's decision to sign the 27-year-old on a free transfer but he's proving his worth at Euro 2020 with Netherlands
Brazil beware! Messi-inspired Argentina are now real Copa America contenders,Daniel Edwards,"Jul 03, 2021",The Albiceleste captain may now be technically unemployed but he is certainly not shirking his duties at the head of an improving team
'He is the best player in history' - Ballon d'Or looms into view for Messi after Copa America heroics for Argentina,Daniel Edwards,"Jul 06, 2021",The Barcelona legend has outperformed any of his peers in South America and at the Euros as he fights for that elusive first international title
Messi could end GOAT debate forever with Copa America victory,Daniel Edwards,"Jul 09, 2021",A lack of an international title has been a stick to beat Messi with throughout his career but now he has another chance to set the record straight
'It is time to strike' - Messi out for Copa America revenge and this time it's personal,Daniel Edwards,"Jun 14, 2021",The Albiceleste captain was incensed by the manner of his team's elimination in Brazil two years ago and now has another chance to claim the trophy
Messi & Aguero friendship could ensure Barcelona star's Camp Nou stay,Daniel Edwards,"Jun 03, 2021","The new Blaugrana signing expressed his wish to play alongside Leo in Catalunya, but first their attentions turn to a packed international schedule"
"'Messi has nothing to prove' - Inter target Musso on Argentina, Udinese and his Champions League dream",Mark Doyle,"May 20, 2021","In an exclusive interview with Goal, the in-demand Udinese goalkeeper discusses his career to date and transfer speculation surrounding his future"
From Manchester United flop to Messi replacement at Barcelona? The remarkable rebirth of Memphis Depay,Robin Bairner,"May 23, 2021","The Dutch forward has enjoyed a journey of personal growth at Lyon, and if he moves to Camp Nou in the summer he is sure to be an asset"
Francisco Conceicao: Porto manager's son earning Messi comparisons,Tom Maston,"May 24, 2021",The diminutive 18-year-old has enjoyed a breakout campaign in Liga NOS having wowed onlookers with his dribbling ability as a youth-team player
'A giant step backwards' - Barcelona bow out of title race as Messi nears the end,Rik Sharma,"May 14, 2021","It is shaping up to be a seismic summer at Camp Nou, with the league crown all but out of reach and their captain's future still not sorted"
'The Messi of coaches' - How 'crazy' Conte turned 'Pazza' Inter into Serie A title winners,Mark Doyle,"May 02, 2021","The 51-year-old faced resistance among the fans because of his Juventus background, but in just two seasons he has knocked the Old Lady off her perch"
Messi's shirts and Sinovac: The Covid-19 vaccine donation that aims to save Copa America,Daniel Edwards,"May 07, 2021",CONMEBOL became the first non-governmental body on the planet to receive vaccines in order to inoculate South America's footballers
The return of the king! Messi reclaims Barcelona's Copa crown on a perfect night for Koeman & Laporta,Rik Sharma,"Apr 17, 2021","The Argentine scored twice, after goals from Frenkie de Jong and Antoine Griezmann, as the Catalans routed Athletic Club 4-0 in Seville"
Not just another final: Koeman and Messi's futures on the line as Barcelona eye Copa glory,Rik Sharma,"Apr 16, 2021","While Barca have made improvements in recent times, their failures in big games could spell the end for their coach and see their captain opt to leave"
"No Messi, no Ronaldo: Champions League stage set for Neymar to prove he's still Ballon d'Or-worthy",Robin Bairner,"Apr 07, 2021","The Brazil international moved to France to win the individual prize, but he has yet to write himself into the history books in that way"
Will a league and cup double be enough to convince Messi to stay at Barcelona?,Rik Sharma,"Mar 20, 2021",The Catalans have had a remarkable turnaround in form since the start of the year thanks largely to their Argentine talisman and coach Ronald Koeman
Marko Marin: 'The German Messi' who shone alongside Ozil but failed at Chelsea,Emma Smith,"Mar 20, 2021",The attacking midfielder looked set to be a world-beating talent but injuries and bad moves prevented him from living up to the hype
Dest at the double: USMNT star offers Messi another glimpse of Barcelona's bright future,Tom Maston,"Mar 21, 2021",The full-back scored twice in Sunday's 6-1 thrashing of Real Sociedad as the Blaugrana maintained their superb league form in 2021
"'Besides Messi and Ronaldo, everyone deals with it' - USMNT ace Sargent opens up on goal droughts",Ryan Tolmich,"Mar 25, 2021","After losing his scoring touch, the 21-year-old Werder Bremen forward is back on form ahead of friendlies against Jamaica and Northern Ireland"
Messi has Barcelona dreaming of unlikely double after latest missile,Tom Maston,"Mar 16, 2021",The Argentine scored his second brilliant long-range effort of the week against Huesca to keep the Blaugrana on Atletico Madrid's heels
Messi bows out with bolt from the blue - but can improving Barcelona persuade him to stay?,Rik Sharma,"Mar 10, 2021","The Argentine star scored a superb goal against PSG on Wednesday, but despite an improved performance it was not enough for Ronald Koeman's side"
Messi's last stand: Barcelona's Champions League dream set to end in Paris,Rik Sharma,"Mar 10, 2021",The Argentine is desperate to win another European title for his club but there is little chance of overturning a 4-1 first-leg deficit against PSG
"No money, no Messi? The challenges facing new Barcelona president Laporta",Rik Sharma,"Mar 11, 2021",Joan Laporta was rightly in a celebratory mood after last weekend's election triumph but he knows that he now has several major problems to solve
"Nicolae Stanciu: Meet the Messi-loving, former Chelsea target looking to end Arsenal's Europa League hopes",Emanuel Rosu,"Apr 07, 2021",The Blues had a €7m bid for the Romanian rejected in 2016 but now he's in London looking to help Slavia Prague upset the Gunners at the Emirates
The Messi-Ronaldo show may be ending - but the Mbappe-Haaland spin-off has already begun,Mark Doyle,"Mar 09, 2021","This week could signal a changing of the guard, with both Messi and Ronaldo facing Champions League elimination, as two young stars take centre stage"
Pique to the rescue as Messi's dream of one last Barcelona trophy stays alive,Rik Sharma,"Mar 03, 2021",The defender's late header took the Blaugrana's Copa del Rey semi-final with Sevilla to extra-time before Martin Braithwaite secured a final berth
'Messi in his legs but who knows what's in his head' and now Ben Arfa's row with Koscielny rocks Bordeaux,Robin Bairner,"Mar 03, 2021","Captain Koscielny delivered a scathing press conference last week, taking aim at his team-mates, with a Ligue 1 fixture against PSG to come"
Messi and Pep v Lewandowski and Flick: Who wins between Barcelona 2009 and Bayern 2021 in sextuple showdown?,Rik Sharma,"Feb 12, 2021","Pep threw down the gauntlet this week, playfully suggesting that his 2009 Barcelona team, who won six trophies, should take on this year's Bayern"
Barcelona's brutal reality check: Mbappe-inspired PSG show why Messi wanted to quit Camp Nou,Rik Sharma,"Feb 17, 2021",The Blaugrana captain put his side ahead at Camp Nou with a penalty but Ronald Koeman's side capitulated in the second half of a chastening 4-1 defeat
Messi and Neymar: Underpaid or crippling their clubs with colossal contracts?,Mark Doyle,"Feb 16, 2021","Some pundits have attributed Barcelona's financial problems to their captain's salary, while the injury-prone Brazilian is set for a new deal at PSG"
Mbappe's career-defining performance against Barcelona sets PSG star up as heir to Messi and Ronaldo,Robin Bairner,"Feb 17, 2021","PSG's World Cup winner had suffered a poor season up to now, judged by his own standards, but he was flawless in the absence of Neymar to punish Barca"
Messi to the rescue again - but time is running out for Barcelona to prove they deserve his loyalty,Tom Maston,"Feb 07, 2021",The Argentine came off the bench to turn Sunday's clash with Real Betis on its head following yet another week of speculation regarding his future
Barcelona's big mistake is gifting Suarez to Atletico Madrid - not Messi's millions,Daniel Edwards,"Feb 03, 2021","Atletico players can scarcely believe their fortune in landing the accomplished Uruguayan forward, whose goals have propelled them towards the title"
Yusuf Demir: The 'Austrian Messi' on Barcelona & Man Utd's radar,Tom Maston,"Feb 01, 2021","The 17-year-old playmaker looks set to leave Rapid Vienna this summer, with a host of Europe's top clubs already chasing his signature"
"Forget about Haaland, Neymar and Messi: Barcelona are battling bankruptcy",Mark Doyle,"Apr 02, 2021","While some people remain caught up in transfer talk, the cash-strapped Catalan club is facing up to the grim reality of potential collapse"
Is Neymar any closer to dethroning Messi & Ronaldo a decade after Copa Libertadores glory?,Daniel Edwards,"Jan 29, 2021","The last time Santos reached the Copa Libertadores final, they had a teenager called Neymar who was expected to take the football world by storm"
Don't blame Messi for lashing out - Barcelona and his body are failing him,Rik Sharma,"Jan 19, 2021","The Argentine saw his frustrations boil over in the Spanish Super Cup final, but it is no surprise he is angry given the situation he finds himself in"
Messi's back! Barcelona captain smiling again after four goals in two games,Mark Doyle,"Jan 10, 2021",The Argentine has moved clear at the top of the Liga goalscorer charts with another double in Saturday's impressive 4-0 win at Granada
Messi to MLS? Barcelona superstar's wish could pave the way for game-changing move,Ryan Tolmich,"Dec 30, 2020",It would require a lot of legwork to make Messi's dream a reality but there are several reasons why the Argentine could end up in the United States
Messi writes another chapter in Barcelona's history but Pedri offers hope for the future,Mark Doyle,"Dec 23, 2020",The Argentine broke one of Pele's records in a 3-0 win at Real Valladolid but his link-up play with a teenage team-mate was of greater significance
Gomez & Gasperini's painful divorce: How Atalanta's Ronaldo has ended up mirroring Messi at Barcelona,Mark Doyle,"Dec 23, 2020","The 32-year-old Argentine has played a pivotal role in the Bergamaschi's emergence as one of Europe's top teams, but he's heading for a January exit"
"Farewell, Sabella: The unassuming coach who inspired Messi's best Argentina displays",Daniel Edwards,"Dec 10, 2020",The ex-Estudiantes and Albiceleste boss stood out not just for his record on the pitch but his decency and social commitment away from it
Koeman's abysmal Barcelona leave Messi to fight Ronaldo's Juventus all alone,Mark Doyle,"Dec 08, 2020",The Argentine kept going right until the end of Tuesday's 3-0 loss at home but he was let down by those around him once again
Ronaldo escaped Real Madrid at the right time but Messi's Barcelona empire is crumbling,Rik Sharma,"Dec 07, 2020",The Catalans are coming off the back of yet another defeat and are struggling in Europe while Ronaldo's Juventus adventure has yielded two titles
'When you act from the heart you really feel it' - Inside Messi's moving Newell's tribute to Maradona,Daniel Edwards,"Dec 01, 2020","The pair could not have been more different, but their lives have been intimately connected ever since the infant Messi witnessed Diego take the field"
"Messi, Cadiz and the love affair that never was",Ignasi Oliva Gispert,"Dec 04, 2020","The Barcelona star will come up against Cadiz on Sunday, but 15 years ago he could have ended up spending a season on loan at the club"
Neymar and Messi together again? Why PSG's dream deal could become a reality,Robin Bairner,"Dec 05, 2020","If there is a reunion between the two former colleagues, it seems bound to be at Parc des Princes  and there is every reason to believe it is possible"
Why Messi is edging closer to Barcelona exit: From Guardiola's new contract to the presidential election,Mark Doyle,"Nov 27, 2020","The Argentine clearly loves the club, the city and its people but it's likely that his determination to leave has only strengthened in recent months"
"Farewell Mascherano: Alongside Messi, Argentina's most successful modern player",Daniel Edwards,"Nov 17, 2020","He may not have been the most technically gifted, but Masche more than made up for it with his unrivalled commitment to the cause"
Pique injury plunges Barcelona deeper into despair on another miserable night for Messi & Co.,Rik Sharma,"Nov 21, 2020",The veteran defender left the field in tears after suffering what looked like a serious injury in a dismal 1-0 loss at Atletico Madrid on Saturday
Incompatible with Messi & overtaken by Lautaro: Dybala in danger of becoming Argentina's forgotten man,Daniel Edwards,"Nov 11, 2020",The 25-year-old's international career has been a flop to date and his latest withdrawal will only see him fall further down the pecking order
Magical Messi reminds Griezmann how to play football for Barcelona,Mark Doyle,"Nov 07, 2020",The Argentine came off the bench in Saturday's 5-2 win over Betis to set up a badly needed goal for his struggling team-mate with an outrageous assist
"Unlike Messi, Pirlo has no magic wand for resolving all of Juventus' problems",Mark Doyle,"Oct 29, 2020","The Bianconeri may have been without their ""GOAT"", Cristiano Ronaldo, for Wednesday's loss to Barcelona, but their issues run deeper than absentees"
At least Koeman has Messi: Ronaldo absence another blow for Juventus boss Pirlo,Mark Doyle,"Oct 28, 2020","The Portuguese tested positive again for Covid-19 on Tuesday, ruling him out of the Bianconeri's Champions League showdown with Barcelona in Turin"
"The 'new Pogba', the 'Moroccan Messi' & the 'tiny madmen': The Barcelona wonderkids aiming to follow in Fati's footsteps",Tom Maston,"Oct 28, 2020","La Masia has been criticised in recent years, but it's hoped that the forward's emergence can be the catalyst for a new golden generation to thrive"
No goals from open play in six games - Messi becoming a big problem for Barcelona boss Koeman,Rik Sharma,"Oct 25, 2020","The Blaugrana are winless in their last three Liga matches following Saturday's Clasico defeat to Real Madrid, but could their talisman be doing more?"
Nightmare's over: Messi and Barcelona's young guns make perfect start to post-Bartomeu era,Rik Sharma,"Oct 28, 2020",The Argentine recorded a goal and an assist as the Blaugrana celebrated the end of a forgettable era with victory over Juventus in Turin
"Ronaldo gone, Messi leaving? Clasico decline encapsulates La Liga's problems with the Premier League, tax and Covid-19",Mark Doyle,"Oct 23, 2020","Neither Barcelona nor Real Madrid are looking particularly strong, on or off the field, going into Saturday's game at Camp Nou - Goal explains why"
"Before Messi and Cruyff, there was Kubala, Kocsis and Czibor: How Ferencvaros made Barcelona great",Sam France,"Oct 20, 2020","In Laszlo Kubala, Sandor Kocsis and Zoltan Czibor, the Hungarian side brought through three of the Catalans' greatest-ever players"
Messi's Last Dance? Barcelona are far from Champions League contenders,Rik Sharma,"Oct 19, 2020","There is a significant rebuild ongoing, but in the Argentine's last season with the club his chances of winning a fifth European title are slim"
The sad & sorry state of football in Bolivia as Messi prepares to pile on the misery,Daniel Edwards,"Oct 13, 2020","Covid-19, political and economic strife and serious allegations against their coach have created a perfect storm for the Verde in 2020"
"Man Utd, Messi & the winners and losers of the summer transfer window",Tom Maston,"Oct 06, 2020","Despite the impact of Covid-19 it has been another busy period of comings and goings around the world - but who has had the best, and worst, window?"
No place like home! Argentina duty a breath of fresh air for Messi after Barcelona strife,Daniel Edwards,"Oct 07, 2020","The Albiceleste captain's relationship with his home country has often been complicated, but any excuse to escape Camp Nou will be welcome right now"
Messi vs Ronaldo and the winners and losers of the Champions League group stage draw,Jonathan Smith,"Oct 03, 2020",The two best players in the world will go head to head for the first time in the Champions League group stage in the standout tie of the season
"Barcelona's 'brutal drama': What does the new season hold for Messi, Bartomeu & Koeman?",Mark Doyle,"Sep 26, 2020","Both the under-fire president and the want-away captain are still at Camp Nou, so it is hard to know what to expect other than more chaos in Catalunya"
Fearless Fati offers Barcelona hope for their Messi-less future,Rik Sharma,"Sep 27, 2020",The 17-year-old scored two and won a penalty as Ronald Koeman's first match in charge of the Blaugrana ended with a 4-0 win over Villarreal
Messi stays at Barcelona: What does the future hold?,Rik Sharma,"Sep 08, 2020",There is a presidential election around the corner meaning uncertainty still looms over Camp Nou following the No.10's confirmation that he will stay
Fati vs Messi: How does Barcelona's record-breaking teen star compare to the Camp Nou legend?,Kieran Francis,"Sep 07, 2020","The 17-year-old keeps setting new benchmarks for club and country, but how does his early career compare to the six-time Ballon d'Or winner?"
"Messi’s Barcelona heartbreak revealed: From his son's tears, to refusing to go to trial - full truth behind 'brutal' transfer saga",Rubén Uría,"Sep 04, 2020","WORLD EXCLUSIVE: From his son's devastation to the Camp Nou president's betrayal, the Argentine explained all on what happened with his attempted exit"
'Argentine football is a bloodbath' - Messi leaving Barcelona not the start of a fairy tale homecoming,Daniel Edwards,"Sep 01, 2020","The President of Argentina has lent his voice to the campaign to repatriate the six-time Ballon d'Or winner, but such a move looks extremely unlikely"
Messi que un club: Leo is bigger than Barcelona,Mark Doyle,"Sep 02, 2020",They say that no player is bigger than the club but the Argentine is putting that old adage severely to the test as he bids to quit Camp Nou
From behind Lingard to replacing Messi? Man Utd flop Depay ready for return to the big time,Kieran Francis,"Aug 31, 2020",The Netherlands attacker has rebuilt his career in France with Lyon and now looks set for another shot at one of Europe's elite clubs
Losing their DNA: Barca's dismissal of Suarez shows Messi is not their only problem,Daniel Edwards,"Sep 02, 2020","The striker is close to agreeing a deal to join Juventus, pushed out of Barca unceremoniously after six years of stellar service up front"
"Messi's beautiful Barcelona career to end in tears, despair and ugly divorce",Mark Doyle,"Aug 26, 2020",It was always thought that the Argentine would end his top-flight club career in Catalunya but the stage is now set for a bitter court battle
Bigger than Beckham? Creativity required to make Messi to MLS anything less than improbable,Ryan Tolmich,"Aug 26, 2020","The Barcelona star remains a dream singing for any club, but completing any kind of deal will prove very, very difficult for teams in North America"
Forget Messi or De Bruyne: How 'phenomenal' Kimmich became Europe's most creative player,Josh Thomas,"Aug 24, 2020",No player in Europe's premier club competition laid on more chances for their team-mates this season than the versatile 25-year-old
The fall of Barcelona's empire: How Bartomeu has left Messi on the brink of quitting Camp Nou,Mark Doyle,"Aug 23, 2020","The Catalans conquered Europe in 2015 with a brilliant attacking trio but Neymar is now gone, Luis Suarez is past his best and Messi is disillusioned"
Inter don't need Messi: Conte staying key to ending Juventus' Serie A domination,Mark Doyle,"Aug 26, 2020","The Nerazzurri would obviously love to sign the wantaway Barcelona superstar, but persuading their coach to continue is of far greater significance"
'Messi left with no choice but to step aside' - Barcelona exit won't affect idol status in Argentina,Daniel Edwards,"Aug 25, 2020","The forward will remain a hero in his homeland whether he joins Manchester City, Paris Saint-Germain or his beloved Newell's Old Boys"
Why Messi is the wrong signing for PSG,Robin Bairner,"Aug 26, 2020","It may sound strange, but recruiting arguably the greatest player in the history of the game is the wrong move for a club that needs more depth"
Messi and Barcelona at lowest ebb since Champions League destruction by Bayern,Rik Sharma,"Aug 14, 2020","On their way to the treble in 2015, the Catalans overcame Bayern but this current side has more in common with the one hammered two years previous"
Time for Messi to flee Barcelona disaster magnet – unless there's a Camp Nou coup,Rik Sharma,"Aug 15, 2020",Josep Maria Bartomeu must step down immediately as club president after an historic humbling highlighted just how far the Blaugrana have fallen
"Where now for Messi - Barcelona, Man City, Inter or Newell's?",Daniel Edwards,"Aug 19, 2020","The Argentine wizard could walk into any team in the world, which makes his lack of real options amid the Camp Nou crisis all the more puzzling"
Barcelona are Champions League outsiders but with Messi they always have a chance,Rik Sharma,"Aug 09, 2020",Beyond the Barca No.10 there is not an awful lot to be excited about but with the six-time Ballon d'Or winner in the ranks they will still have a shot
Messi and Ronaldo find themselves at concerning Champions League crossroads,Daniel Edwards,"Aug 06, 2020","The pair's stars remain undimmed but the same cannot be said for their respective Barcelona and Juventus set-ups, which leave much to be desired"
Barcelona's biggest failure is not giving Messi the team-mates he's deserved,Rik Sharma,"Aug 07, 2020",Another Champions League knockout stage sees Barcelona stand only a remote chance of winning the title and Messi has not tasted success since 2015
The worst Barcelona team of the last 12 years - and Messi's right to be angry,Mark Doyle,"Jul 17, 2020",Losing meekly to Osasuna at home was the latest indignation suffered by this Barca side and their talismanic captain is running out of patience
The new Xavi? Barcelona legend Messi really can do it all,Mark Doyle,"Jul 11, 2020",The Argentine matched the legendary midfielder's tally of assists in a single season by setting up Arturo Vidal for the only goal at Valladolid
Messi leaving Barcelona? It's Bartomeu who's now facing an early exit,Mark Doyle,"Jul 04, 2020",The club president is not due to step down for another year but the captain's refusal to sign a contract extension is likely to change things
A tale of two captains: Ramos and Messi continue to define La Liga title race,Tom Maston,"Jul 05, 2020","The skippers on each side of the Clasico divide were in fine form on Sunday, though it is Real Madrid who are closing in on becoming Spanish champions"
Messi falling into the 'Jordan Rules' trap due to Barcelona incompetence,Daniel Edwards,"Jul 01, 2020",What the Argentine would not give for a Pippen or Rodman-like figure by his side as this uninspiring Blaugrana team meekly surrenders La Liga
Pjanic for Arthur! Barcelona are wasting Messi's final years,Mark Doyle,"Jun 29, 2020",Swapping the 23-year-old Brazilian for the 30-year-old Bosnian makes no sporting sense but the Blaugrana have to balance the books
Messi has 700 goals - but Barcelona have even more problems,Mark Doyle,"Jul 01, 2020",The Argentine reached another historic landmark on Wednesday but a 2-2 draw with Atletico Madrid all but ended his side's Liga title hopes
Respect! Rakitic upstages Messi to silence Barcelona haters - for now,Mark Doyle,"Jun 23, 2020",The Croatian has long been a figure of hate for the Blaugrana's online followers but he was the hero in Wednesday's vital 1-0 win over Athletic Club
Luka Romero: Mallorca's 'Mexican Messi' the youngest player in La Liga history,Mario Aguirre & Ignacio Arias,"Jun 24, 2020",The 15-year-old has been linked with Manchester United and Barcelona after becoming the youngest ever player to debut in La Liga
"'Suck it, and keep sucking' - How Maradona blew Messi's best chance of winning the World Cup",Daniel Edwards,"Jun 19, 2020",The Albiceleste should have been among the favourites in South Africa 2010 but Diego's tactical incompetence and player feuds led to disaster
The title or the sack? Barcelona boss Setien must win over Messi to win La Liga,Mark Doyle,"Jun 11, 2020",The former Real Betis coach only arrived at Camp Nou in January but he has struggled to impose himself on a team surrounded by chaos
"Messi's role, Griezmann's future and the burning questions Barcelona must answer as La Liga restarts",Tom Maston,"Jun 11, 2020","The Blaugrana have been plagued by off-the-field issues during the pandemic-enforced shutdown, and they have a similar number of issues on the pitch"
Messi's toughest test yet: Mending broken Barcelona for Liga title fight with Real Madrid,Mark Doyle,"Jun 13, 2020",The Argentine's preparations for the resumption of play in Spain have been hampered by injury but his club needs him at his brilliant best right away
"Barcelona's Untouchables: Why Messi, Ter Stegen, De Jong & Ansu Fati won't be sold",Mark Doyle,"Jun 16, 2020",The Blaugrana would be willing to listen to offers for all but four members of their senior squad in order to obtain this summer's transfer targets
Where Messi favourite Lautaro would fit in at Barcelona,Mark Doyle,"May 29, 2020",The Blaugrana are hoping to meet the Inter striker's €111m buy-out clause but doubts remain over whether he will be properly utilised at Camp Nou
Messi and Guardiola's crowning moment: How Barcelona 'embarrassed' Man Utd at Wembley,Daniel Edwards,"May 28, 2020","Nine years ago today, ""the stars aligned"", to borrow Pep's own words, and Barca treated observers to one of the best team displays in football history"
"Edilson - The forgotten World Cup winner who says he's better than Messi, Ronaldo and Neymar",Daniel Edwards,"May 14, 2020","The former Corinthians striker has been in and out of jail since hanging up his boots, but he is in no doubt that he was up there with the best"
Messi and Ronaldo's retirement: Can Mbappe and Haaland match football's greatest rivalry?,Mark Doyle,"Jan 28, 2021","In Goal's new series on the future of football, we ponder whether anyone will be capable of filling the void left behind by two all-time greats"
Kays Ruiz-Atil: PSG's 'new Messi' on Barcelona & Chelsea's radar,Benjamin Quarez,"May 30, 2020",The 17-year-old was forced to leave La Masia at a young age but has largely impressed upon his return to France as he aims to make his first-team bow
"'I asked Leo, what was your name?!' - The day unknown Messi fired Argentina to World Cup glory",Daniel Edwards,"May 02, 2020","The Barcelona prospect was almost a stranger in his home country, but by the end of the 2005 Under-20 World Cup he was on the way to stardom"
A match made in heaven: Lautaro Martinez is the perfect partner for Messi at Barca,Daniel Edwards,"Apr 11, 2020","The pair have demonstrated at international level that they possess a natural rapport, and Barca must move to take advantage of that understanding"
"Messi, Bartomeu and Pique: The key figures in Barcelona's civil war",Mark Doyle,"Apr 18, 2020","Camp Nou is in crisis, with threats of legal action hanging over a boardroom dispute that looks set to have serious ramifications on and off the field"
Mythbuster: Would Messi really struggle in the Premier League?,Mark Doyle,"Mar 27, 2020",The idea that the Barcelona ace 'couldn't cut it on a cold night in Stoke' has become one of the English game's most annoying and ridiculous cliches
Mythbuster: 'Messi is not Maradona' - Did Diego win the World Cup on his own?,Mark Doyle,"Oct 30, 2020",El Diego was the star of the show at Mexico '86 but the idea that he did not have quality players around him does a great disservice to his team-mates
Mythbuster: Messi isn't as loved in Argentina as Barcelona,Daniel Edwards,"Apr 02, 2020",Talk of supposed indifference towards the record-breaking Rosario native in his home nation has dogged him since the very start of his career
When Cruyff & Eusebio took on South America - could Messi and Ronaldo ever go head to head the same way?,Daniel Edwards,"Apr 03, 2020",The two continents have dominated the game from the very beginning - but who came out on top when they met on the field?
Messi and Bartomeu salary-cut battle exposes Barcelona divisions again,Mark Doyle,"Apr 01, 2020","The Blaugrana skipper has lashed out at figures inside the club trying to discredit the players, suggesting that a civil war is edging ever closer"
Mythbuster: 'Fraudiola'! Pep is nothing without Messi,Mark Doyle,"Apr 03, 2020",The Catalan has won two Champions Leagues and titles in three different countries yet many remain unconvinced by his genius
"'Nobody knows him, how can he give orders to Messi?' - Setien's raging assistant Sarabia under the spotlight",Rik Sharma,"Mar 06, 2020",Eder Sarabia has been described as the new Jose Mourinho due to his temperament on the sidelines and his behaviour in the Clasico is causing fuss
Madrid make the most of Messi's lifeless display to revive Liga title race,Rik Sharma,"Mar 01, 2020",The Argentine was strangely out of sorts as Barcelona slumped to a 2-0 defeat at the Santiago Bernabeu that saw the hosts move above them in the table
Barcelona have a Messi problem... and they simply can't do without him,Rik Sharma,"Mar 07, 2020","Despite the headline figures, the Barca captain is far from his best at the moment with reports that he is performing while carrying a knock"
Messi brilliance helps Barcelona move on from week of turmoil,Rik Sharma,"Feb 22, 2020",Recriminations over 'Barcagate' and the signing of Martin Braithwaite meant locals were unhappy with the president and board but Messi quelled dissent
Marseille's Messi: Why Payet's Champions League-quality form could see him star at Euro 2020,Robin Bairner,"Feb 12, 2020","He may be a little thick around the middle, but the 32-year-old is back at his best at Stade Velodrome and is leading OM back to Europe's big time"
Don't make Messi mad! Never a good time to face frustrated Barcelona captain,Rik Sharma,"Feb 10, 2020",The captain went to war with sporting director Eric Abidal during the week but he responded by taking his frustration out on Real Betis on Sunday
'All you need is Alisson!' - Liverpool ace is the Messi of goalkeepers,Neil Jones,"Feb 13, 2020",Jurgen Klopp's side did well during the Brazilian's injury-enforced absence but have gone to another level since he returned to the side
What will Setien's return to Cruyff-style football mean for Messi?,Rik Sharma,"Jan 31, 2020",The Barcelona No.10 has thrived no matter the coach in charge but the team is very different to the one which he starred in under Pep Guardiola
Barcelona in crisis: Messi - Abidal row highlights growing fractures at Camp Nou,Rik Sharma,"Feb 05, 2020","On Tuesday the Blaugrana had a triple-whammy of bad news, the most serious of which came when their best-ever player called out the sporting director"
How 'German Messi' and World Cup winner Gotze failed to live up to the hype,Ronan Murphy,"Jan 15, 2020",The once-heralded attacker has not been given a new contract by Borussia Dortmund and will be without a club at the end of the season
Messi will be the 'queen' for chess-obsessive Quique Setien,Rik Sharma,"Jan 15, 2020",A lifetime spent poring over chess and the football of Johan Cruyff has prepared the new Barcelona boss for the job at hand at Camp Nou
Setien & Messi bring Barcelona back to the future,Rik Sharma,"Jan 19, 2020","The Blaugrana returned to the top of La Liga with a 1-0 victory over 10-man Granada, showing signs of their old magic under their new coach"
"The real Ronaldo has returned: Can Inter, Messi or anyone else stop him this season?",Mark Doyle,"Jan 24, 2020",The Juventus forward has scored in seven consecutive Serie A games and the 34-year-old looks determined to win it all in 2020
Messi continues to stand in the way of Madrid's title dream,Rik Sharma,"Dec 23, 2019",The Blancos have improved significantly in recent months but their Catalan rivals have a genius within their ranks who shows no signs of slowing down
Ronaldinho is right: We can only say Messi is the best player of his own era,Mark Doyle,"Dec 14, 2019",The ex-Barca playmaker pointed out that it is impossible to rank the likes of Messi and Maradona because they played in such very different periods
The Conte effect: 'The Messi of coaches' has put Inter back on top of Serie A,Josh Thomas,"Dec 06, 2019","After a decade of despair, the Nerazzurri are battling Juventus for the Scudetto thanks to a remarkable transformation overseen by a former Bianconero"
"Immobile: The Lazio striker leading Lewandowski, Messi and Ronaldo in Golden Shoe race",Mark Doyle,"Dec 05, 2019","Ahead of Saturday's Serie A clash with Juventus, the polarising striker is in the form of his life, having hit 17 goals in just 14 Serie A games"
'I was not the new Messi' - How Bojan overcame anxiety attacks to become his own man,Kieran Francis,"Dec 12, 2019","The former Barcelona forward struggled with being compared to the Argentine icon but he is proud of his career, despite the many ups and downs"
Make it seven! Ballon d'Or winner Messi hits treble as 'MSG' ignite against Mallorca,Rik Sharma,"Dec 07, 2019",The Argentine star was at his scintillating best on Saturday as he set his sights on more silverware
Barcelona to get a glimpse of their bleak Messi-less future,Rik Sharma,"Dec 10, 2019",He may have picked up his sixth Ballon d'Or but the No.10 set alarm bells ringing when he admitted last week that retirement was approaching
Messi is Barcelona's saviour once more as Griezmann flops on Atletico return,Rik Sharma,"Dec 01, 2019",The former Rojiblancos star was given a hostile reception on his return to the Spanish capital and he again struggled to make an impact
Messi can have the Ballon d'Or - Van Dijk driven by Premier League title,Mark Doyle,"Nov 30, 2019",The Dutchman scored two towering headers before then holding the Reds' defence together after Alisson's dismissal in a crucial 2-1 win over Brighton
Barcelona can always count on Messi & Suarez but never rely on Dembele,Rik Sharma,"Nov 28, 2019",The South American duo once again combined to devastating effect in the 3-1 win over Borussia Dortmund after the Frenchman had suffered another injury
Messi undeserving of sixth Ballon d'Or title? The only scandal is that he doesn't have more,Daniel Edwards,"Dec 02, 2019","The Barcelona idol continues to reach new heights on the pitch, and his consistent brilliance means he has few equals at the top of world football"
Madrid? Man Utd? Messi & Argentina? Pochettino has no shortage of suitors following shock replacement by Mourinho,Daniel Edwards,"Nov 20, 2019",Some of the world's biggest football institutions are now on alert after news of the Argentine's sacking broke on Tuesday
"Brazil, beware! Messi and Argentina out for revenge after Copa controversy",Daniel Edwards,"Nov 15, 2019",The Albiceleste star has served his three-month ban for inferring CONMEBOL was corrupt and now has another chance to put one over on the Selecao
Why Barcelona god Messi will never be worshipped in the same way in Argentina,Daniel Edwards,"Nov 14, 2019",The Camp Nou idol made his international debut as an unknown in complete obscurity and that 'outsider' tag has proven impossible to shake
Messi the set-piece king as Barcelona again rely on Argentine star's magic to see off Celta,Rik Sharma,"Nov 10, 2019",Yet another hat-trick from the 32-year-old sent Ernesto Valverde's side back to the top of La Liga as the forward displayed his dead-ball prowess
"David Villa, not Neymar or Suarez, was Messi's greatest strike partner",Rik Sharma,"Nov 15, 2019",Spanish top goalscorer recently confirmed his retirement and will go down in history as one of the biggest assets in the best team of all time
"Forget the Champions League, Leo - not even Messi can drag this Barca side to European glory",Rik Sharma,"Nov 06, 2019","The Argentine wants to get his hands on Europe's top-tier club trophy once again, but on this evidence he will have to wait"
Why Newell's' dreams of lining up with Messi will never come true,Daniel Edwards,"Nov 04, 2019",The Barcelona star has seemingly ended any lingering hopes that one day he will return to grace Rosario with his presence
Messi alone cannot save Barcelona in error-ridden loss to Levante,Rik Sharma,"Nov 02, 2019",Three second-half goals condemned the Liga champions to a first loss in eight with their Argentine playmaker the only bright point on a miserable day
Messi a man for all Champions League seasons - but will this really be Barcelona's?,Mark Doyle,"Oct 24, 2019",The Argentine scored one goal and created another in an unimpressive 2-1 win at Slavia Prague that offered more questions than answers
Enough Neymar talk! Griezmann has shown he can play with Messi and Suarez at Barcelona,Mark Doyle,"Oct 19, 2019","The French summer signing from Atletico Madrid was involved in all three goals in Saturday's win at Eibar, scoring the opener himself"
"More goals than Messi, overshadowing Lukaku: Marvellous Martinez is the future for Argentina & Inter",Daniel Edwards,"Oct 08, 2019","At just 22, the striker is already leading the way for club and country, raising hopes that Leo has found his perfect partner in the Albiceleste"
Injury-hit Messi enduring most painful start to a season in his career,Josh Thomas,"Oct 02, 2019",The Argentine star is struggling to get fit this campaign as the Catalans stumble in his absence
Suarez & Messi bail Barcelona boss Valverde of jail again by foiling Conte's masterplan,Rik Sharma,"Oct 02, 2019",Inter should have been more than one goal ahead when the Catalans' star duo once again combined to engineer a thrilling victory at Camp Nou
"No Messi, no problem: Barcelona's other saviour Ter Stegen both stops and create goals!",Mark Doyle,"Sep 28, 2019",The German produced a sensational save to keep Saturday's game at Getafe level before setting Luis Suarez up for the opener in a vital 2-0 win
Messi right to doubt Barca future given Champions League failures and shoddy transfers,Mark Doyle,"Sep 17, 2019","The usually media-shy Argentine has pointedly told his employers in public that while he is happy at Camp Nou, he wants to be part of a ""winning team"""
Under Messi’s umbrella: Barcelona’s plans for teenage sensation Ansu Fati,Josh Thomas & Ignasi Oliva,"Sep 23, 2019",The Catalans have a potential superstar on their hands and have laid out a blueprint to ensure they get the best out of him
Awful Barcelona have problems even Messi can't solve,Mark Doyle,"Sep 21, 2019","The Blaugrana suffered their second away defeat of the season, slumping to a dismal 2-0 defeat at Granada that highlighted their numerous issues"
No rest for Ernesto: Barcelona lose Messi - and their much-needed edge - in narrow win over Villarreal,Rik Sharma,"Sep 25, 2019","The Argentine's first start this season was meant to dig the under-fire boss out of a hole, but the skipper was gone almost as quickly as he returned"
The best FIFA player in the world! Named after Aubameyang and hoping to meet Messi - MoAuba's journey to the top,Josh Thomas,"Aug 30, 2019",The young German gamer defied all odds to claim the recent FIFA eWorld Cup and it's capped off a monumental rise to the top
Escape from Messi! The real Coutinho will now return at Bayern,Ronan Murphy,"Aug 19, 2019",The Brazilian had a frustrating time at Barcelona but will be free to express himself again after joining the Bundesliga champions on loan
Griezmann the great! Frenchman's stellar display against Betis helps Barcelona forget about missing Messi,Rik Sharma,"Aug 25, 2019","The forward scored a pair of goals on his Camp Nou debut, as a pair of academy talents also made headlines for the Blaugrana on Sunday"
From ‘new Messi’ to incompatible with Ronaldo - the downfall of Dybala at Juventus,Mark Doyle,"Aug 12, 2019",The Argentine No.10 has had a big fall from grace over the last year with Juventus desperate to offload the popular attacker this summer
"Hypocritical Messi wasn’t complaining during Chelsea, PSG & Madrid controversies",Josh Thomas,"Jul 10, 2019",The Barca star has been on the right side of some very debatable calls in the past but is only now complaining when things have gone against him
All-time great Robben only behind Messi and Ronaldo in this generation,Josh Thomas,"Jul 05, 2019","The Bayern Munich legend may have flown under the radar, but he bows out of the game as one of the best"
"Messi & Icardi in, Otamendi & Di Maria out: The Argentina flops who must stay and go after Copa America failure",Daniel Edwards,"Jul 04, 2019",The PSG and Manchester City stars were deeply disappointing in Brazil and could be sacrificed as Argentina continue to renew their ranks
"How Messi corruption claims, Bolsonaro interference & VAR brought shame to Copa America",Daniel Edwards,"Jul 08, 2019","The 2019 edition of the trophy was the bitterest and most controversial in recent memory, giving lie to the claim that technology can end disputes"
"Football can survive without Ronaldo & Messi, tennis is doomed after Federer, Nadal & Djokovic",Mark Doyle,"Jul 11, 2019","Football, by its very nature, is better equipped to thrive without two of its all-time greats but there are other threats to its continued popularity"
Age is just a number! Dani Alves rolls back the years to take down Messi and Argentina,Daniel Edwards,"Jul 03, 2019",The PSG full-back continues to defy his 36 years as he led the Selecao into the final of the Copa America on Tuesday
Leo's not alone: Motivated Messi has every reason to keep fighting with rejuvenated Argentina,Daniel Edwards,"Jul 03, 2019","Brazil proved too strong for a developing Albiceleste side in Belo Horizonte, but there is plenty of promise for the future with Leo leading the way"
"This isn’t Barcelona, Leo! Super Suarez upstaging Messi at Copa America",Daniel Edwards,"Jun 27, 2019","Just weeks after going under the knife due to a knee injury, the fiery Uruguayan has played a huge part in his nation's march to the quarter-finals"
Messi struggles while Argentina click: Have the Albiceleste finally broken their Leo-dependency?,Daniel Edwards,"Jul 02, 2019","Having laboured under the burden of being the Albiceleste messiah for almost a decade, the Barcelona star can now focus on just being Messi"
Worse than Maradona? Messi to the rescue but Argentina still clueless under Scaloni,Daniel Edwards,"Jun 20, 2019",The novice coach is dangerously out of his depth at this level and was lucky to have his captain bail him out in what was almost a disastrous defeat
A flop next to Messi AND Ronaldo: Why Dybala has failed alongside both superstars,Daniel Edwards,"Jun 19, 2019","Despite Argentina's Copa America woes, the Juventus forward is still not in contention for a place after falling short with club and country"
Who needs Messi? Fabian Ruiz & Spain underline outstanding potential with Under-21 Euros triumph,Mark Doyle,"Jun 30, 2019",La Rojita may not have an all-time great in their ranks but they do have a collection of gifted footballers - chief among them the Napoli midfielder
Messi powerless to turn around anarchic Argentina in damaging Copa defeat,Daniel Edwards,"Jun 16, 2019","The Albiceleste captain was just as powerless as the rest of the disappointing Albiceleste, who were deservedly beaten by Colombia in Salvador"
Aguero or Lautaro alongside Leo? How Messi’s Argentina will line up at Copa America,Daniel Edwards,"Jun 11, 2019","While the Barcelona wizard's presence is assured, there are still plenty of doubts surrounding the Albiceleste just days before the competition begins"
"No Copa, no GOAT? Messi has no chance of matching Maradona with this Argentina",Daniel Edwards,"Jun 14, 2019","There is nothing that the other-worldly No. 10 desires more than a trophy with his national team, after so many near-misses over the years"
Messi's perfect partner? Why €120m Griezmann move to Barca would be a gamble,Rik Sharma,"May 16, 2019","The French World Cup-winner has announced that he will leave Atletico Madrid this summer, but there are some potential risks if he ends up at Camp Nou"
Lifeless with Messi? How Coutinho’s career collapsed at Barcelona since Liverpool exit,Rik Sharma,"Apr 30, 2019",The Brazilian left Anfield in January 2018 in a potential £142 million deal but he has largely struggled to justify that huge fee
Messi vs Van Dijk: The battle for the Ballon d'Or,Josh Thomas,"May 01, 2019",An epic individual showdown awaits in Wednesday's Champions League tie between Barcelona and Liverpool
Camp Nou is Barcelona's temple and Messi is football's god,Rik Sharma,"May 01, 2019",The Argentine showed once again why he is the greatest of all time by scoring twice in a thrilling 3-0 win over Liverpool in the Champions League
"Messi, De Jong & De Ligt all together: Barcelona will be scary next season",Mark Doyle,"Apr 29, 2019",Finding the new Lionel Messi may prove impossible but the Blaugrana already look to have snapped up replacements for Sergio Busquets and Gerard Pique
Mbappe posting Messi-like scoring numbers as PSG win another Ligue 1 title,Josh Thomas,"Apr 21, 2019",The young Frenchman has been PSG’s title hero - with only the Barcelona legend scoring more league goals in Europe this season
Bloody lucky! Barcelona too good for United even on an off night for Messi & Busquets,Rik Sharma,"Apr 11, 2019",The Blaugrana enjoyed plenty of possession in their 1-0 win at Old Trafford but created few chances and needed an own goal to win the game
Ronaldo 41-16 Messi: Cristiano’s unbelievable Champions League knockout record,Mark Doyle,"Apr 15, 2019","Not only has the Portuguese scored more tournament goals than anyone else, he's also netted more in the quarter-finals, semi-finals and finals"
Only Leo performs miracles! Another Messi masterclass ends Man Utd's dreams,Rik Sharma,"Apr 16, 2019",Barcelona's legendary No.10 produced another incredible performance as the Blaugrana comfortably put Ole Gunnar Solskjaer's side to the sword
Watford wing wizard Deulofeu showing why he was once called the ‘new Messi’,Kieran Francis,"Apr 14, 2019","The Spanish talent has all the potential in the world, but can he show it on a consistent basis?"
Costa loses his head as Suarez and Messi keep theirs to seal Liga title for Barcelona,Mark Doyle,"Apr 08, 2019",The striker talked his way into a senseless straight red card for dissent as Diego Simeone's side ultimately succumbed to a fatal 2-0 loss at Camp Nou
Messi will be licking his lips as Man Utd suffer costly Wolves defeat,Kris Voakes,"Apr 03, 2019",United spurned the chance to go third in the Premier League with a self-inflicted defeat at Molineux and with Barcelona to come they need to improve
"With or without Messi, inexperienced Argentina face Copa America Mission Impossible",Daniel Edwards,"Mar 27, 2019",Disappointing results against Venezuela and Morocco overshadowed the captain's comeback and showed the uphill task he will face this June and July
Messi's return fails to paper over the cracks as Argentina suffer familiar woes,Daniel Edwards,"Mar 24, 2019",The Albiceleste were outplayed in a 3-1 defeat to Venezuela that raises serious doubts just months before the Copa America kicks off
Messi back to Barcelona best as free kick magic banishes Argentina woes,Rik Sharma,"Mar 30, 2019",The Argentina captain returned to the place where he is most comfortable after a frustrating international foray with the Albiceleste
One of Argentina's greatest strikers - but Higuain forever the man who cost Messi a World Cup,Daniel Edwards,"Mar 28, 2019","Despite netting 31 times for his nation, it is the crucial goals he missed for which the Chelsea forward will be forever remembered"
Magnificent Messi issues perfect riposte to Ronaldo in Barcelona masterclass,Rik Sharma,"Mar 13, 2019","Just 24 hours after the Portuguese's brilliant hat-trick against Atletico Madrid, the Argentine put on a show at Camp in a 5-1 win over Lyon"
Betis fans bow down as Messi drives Barcelona towards Liga title,Rik Sharma,"Mar 18, 2019",The Argentina was spectacular once again on a night where even the opposing fans had to relish in his greatness
Solskjaer back in Barcelona! Man Utd boss needs another Camp Nou miracle to upset Messi's men,Kris Voakes,"Mar 15, 2019",The Norwegian capped a remarkable comeback in Catalunya in 1999 but the caretaker manager is now facing his toughest Champions League assignment yet
'Mexican Messi' Lainez has no issue with Leo comparisons,Francisco Rico,"Mar 21, 2019","The 18-year-old, who finished eighth in the 2019 NxGn, is trying to learn as much as possible from the Barcelona No.10 and the rest of Liga's stars"
"All eyes on Messi’s return, but how the hell is Aguero still in Argentina exile?",Daniel Edwards,"Mar 20, 2019","Lionel Scaloni insists he wants to see new faces, but rumours persist of a rift between the Albiceleste coach and Manchester City striker"
Messi’s treble-treble: Barcelona superstar on track for Real history,Mark Doyle,"Mar 01, 2019",The Argentine played a pivotal role in the Blaugrana's historic triumphs in 2009 and 2015 but repeating the feat this year would be his greatest yet
Messi returns to form with sensational hat-trick to steal Barca win at Sevilla,Rik Sharma,"Feb 23, 2019","The Liga leaders looked ready to stumble in Andalusia, but their star man delivered them the three points with another brilliant outing"
'Messi or Ronaldo? I'd rather player with Ziyech!' - Ajax ace underlined potential against Madrid,James O'Connor,"Feb 15, 2019",The 25-year-old Moroccan attacker showed against the Champions League holders why he has long been linked with a move to one of Europe's elite clubs
Messidependencia! Barcelona are a Leo injury away from falling apart,Mark Doyle,"Feb 05, 2019","Ernesto Valverde should continue resting the Argentine attacker at every opportunity, given Barca's 'Messidependencia' is greater than ever before"
Who is Real Madrid signing Brahim Diaz? Man City's 'Messi-like' dribbler set for Bernabeu transfer,Rik Sharma,"Jan 06, 2019",The Premier League leaders were desperate to hold on to the teenage forward but he has moved to Madrid in pursuit of more regular game time
Barca stars Messi and Suarez show what Madrid are missing,Rik Sharma,"Jan 06, 2019","The pair drove the La Liga leaders past a determined Getafe side, while the European champions struggled at home to fall out of the title race"
Eight set-piece goals in one season! How Messi mastered the art of free-kicks,Ignasi Oliva Gispert,"May 07, 2019","The Argentine learned the craft at La Masia and perfected it under the eye of Diego Maradona, making him a deadly opponent - even behind a wall"
